meta_data_id,raw_data_id
8,1
9,2
9,3
9,4
9,5
9,6
9,7
9,8
9,9
11,10
11,11
11,12
11,13
11,14
11,15
11,16
11,17
11,18
11,19
11,20
11,21
11,22
11,23
11,24
11,25
11,26
11,27
11,28
11,29
11,30
11,31
11,32
11,33
11,34
11,35
11,36
11,37
11,38
11,39
11,40
11,41
11,42
11,43
11,44
11,45
11,46
11,47
11,48
11,49
11,50
11,51
11,52
11,53
11,54
11,55
12,56
12,57
12,58
12,59
12,60
12,61
12,62
12,63
12,64
12,65
12,66
12,67
12,68
12,69
12,70
12,71
12,72
12,73
12,74
12,75
12,76
12,77
12,78
12,79
12,80
12,81
12,82
12,83
12,84
12,85
12,86
12,87
12,88
12,89
12,90
12,91
13,92
13,93
13,94
13,95
13,96
13,97
13,98
13,99
13,100
13,101
13,102
14,103
14,104
14,105
14,106
14,107
14,108
14,109
14,110
14,111
14,112
14,113
14,114
14,115
14,116
14,117
14,118
14,119
14,120
14,121
14,122
14,123
14,124
14,125
14,126
14,127
14,128
14,129
14,130
14,131
14,132
14,133
14,134
14,135
14,136
14,137
14,138
14,139
14,140
14,141
14,142
14,143
14,144
14,145
14,146
14,147
14,148
14,149
14,150
14,151
14,152
14,153
14,154
14,155
14,156
14,157
14,158
14,159
14,160
14,161
14,162
14,163
14,164
14,165
14,166
14,167
14,168
14,169
14,170
14,171
14,172
14,173
14,174
14,175
14,176
14,177
14,178
14,179
14,180
14,181
14,182
14,183
14,184
14,185
14,186
14,187
14,188
14,189
14,190
14,191
14,192
14,193
14,194
14,195
14,196
14,197
14,198
14,199
14,200
14,201
14,202
14,203
14,204
14,205
14,206
14,207
14,208
14,209
14,210
14,211
14,212
14,213
14,214
14,215
14,216
14,217
14,218
14,219
14,220
14,221
14,222
14,223
14,224
14,225
14,226
14,227
14,228
14,229
14,230
14,231
14,232
14,233
14,234
14,235
14,236
14,237
14,238
14,239
14,240
14,241
14,242
14,243
14,244
14,245
14,246
14,247
14,248
14,249
14,250
14,251
14,252
14,253
14,254
14,255
14,256
14,257
14,258
14,259
14,260
14,261
14,262
14,263
14,264
14,265
14,266
14,267
14,268
14,269
14,270
14,271
14,272
14,273
14,274
14,275
14,276
14,277
14,278
14,279
14,280
14,281
14,282
14,283
14,284
14,285
14,286
14,287
14,288
14,289
14,290
14,291
14,292
14,293
14,294
14,295
14,296
14,297
14,298
14,299
14,300
14,301
14,302
14,303
14,304
14,305
14,306
14,307
14,308
14,309
14,310
14,311
14,312
14,313
14,314
15,315
15,316
15,317
15,318
15,319
15,320
15,321
16,322
16,323
16,324
16,325
17,326
17,327
17,328
17,329
17,330
17,331
17,332
17,333
17,334
17,335
17,336
17,337
17,338
17,339
17,340
17,341
17,342
17,343
17,344
17,345
17,346
17,347
17,348
17,349
17,350
17,351
17,352
17,353
17,354
17,355
17,356
17,357
17,358
17,359
17,360
17,361
17,362
17,363
17,364
17,365
17,366
17,367
17,368
17,369
17,370
17,371
17,372
17,373
17,374
17,375
17,376
17,377
17,378
17,379
17,380
17,381
17,382
17,383
17,384
17,385
17,386
17,387
17,388
17,389
17,390
17,391
17,392
17,393
17,394
17,395
17,396
17,397
17,398
17,399
17,400
17,401
17,402
17,403
17,404
17,405
17,406
17,407
17,408
17,409
17,410
17,411
17,412
17,413
17,414
17,415
17,416
17,417
17,418
17,419
17,420
17,421
17,422
17,423
17,424
17,425
17,426
17,427
17,428
17,429
17,430
17,431
17,432
17,433
17,434
17,435
17,436
17,437
17,438
17,439
17,440
17,441
17,442
17,443
18,444
18,445
18,446
18,447
18,448
18,449
18,450
18,451
18,452
18,453
18,454
18,455
18,456
18,457
18,458
18,459
18,460
18,461
18,462
18,463
18,464
18,465
18,466
18,467
18,468
18,469
18,470
18,471
18,472
18,473
18,474
18,475
18,476
18,477
18,478
18,479
18,480
18,481
18,482
18,483
18,484
18,485
18,486
18,487
18,488
18,489
18,490
18,491
18,492
18,493
18,494
18,495
18,496
18,497
18,498
18,499
18,500
18,501
18,502
18,503
18,504
18,505
18,506
18,507
18,508
18,509
18,510
18,511
18,512
18,513
18,514
18,515
18,516
18,517
18,518
18,519
18,520
18,521
18,522
18,523
18,524
18,525
18,526
18,527
18,528
18,529
18,530
18,531
18,532
18,533
18,534
18,535
18,536
18,537
18,538
18,539
18,540
18,541
18,542
18,543
18,544
18,545
18,546
18,547
18,548
18,549
18,550
18,551
18,552
18,553
18,554
18,555
18,556
18,557
18,558
18,559
18,560
18,561
18,562
18,563
18,564
18,565
18,566
18,567
18,568
18,569
18,570
18,571
18,572
18,573
18,574
18,575
18,576
18,577
18,578
18,579
18,580
19,581
19,582
19,583
19,584
19,585
19,586
19,587
19,588
19,589
19,590
19,591
19,592
19,593
19,594
19,595
19,596
19,597
19,598
19,599
19,600
19,601
19,602
19,603
19,604
19,605
19,606
19,607
19,608
19,609
19,610
19,611
19,612
19,613
19,614
19,615
19,616
19,617
19,618
19,619
19,620
19,621
19,622
19,623
19,624
19,625
19,626
19,627
19,628
19,629
19,630
19,631
19,632
19,633
19,634
19,635
19,636
19,637
19,638
19,639
19,640
19,641
19,642
19,643
19,644
19,645
19,646
19,647
19,648
19,649
19,650
19,651
19,652
19,653
19,654
19,655
19,656
19,657
19,658
19,659
19,660
19,661
19,662
19,663
19,664
19,665
19,666
19,667
19,668
19,669
19,670
19,671
19,672
19,673
19,674
19,675
19,676
19,677
19,678
19,679
19,680
19,681
19,682
19,683
19,684
19,685
19,686
19,687
19,688
19,689
19,690
19,691
19,692
19,693
19,694
19,695
19,696
19,697
19,698
19,699
19,700
19,701
19,702
19,703
19,704
19,705
19,706
19,707
19,708
19,709
19,710
19,711
19,712
19,713
19,714
19,715
19,716
19,717
19,718
19,719
19,720
19,721
19,722
19,723
19,724
19,725
19,726
19,727
19,728
19,729
19,730
19,731
19,732
19,733
19,734
19,735
19,736
19,737
19,738
19,739
19,740
19,741
19,742
19,743
19,744
19,745
19,746
19,747
19,748
19,749
19,750
19,751
19,752
19,753
19,754
19,755
19,756
19,757
19,758
19,759
19,760
19,761
19,762
19,763
19,764
19,765
19,766
19,767
19,768
19,769
19,770
19,771
19,772
19,773
19,774
19,775
19,776
19,777
19,778
19,779
19,780
19,781
20,782
20,783
20,784
20,785
20,786
20,787
20,788
20,789
20,790
21,791
21,792
21,793
21,794
22,795
22,796
22,797
22,798
22,799
22,800
22,801
22,802
22,803
22,804
22,805
22,806
22,807
22,808
22,809
22,810
22,811
22,812
22,813
22,814
22,815
22,816
22,817
22,818
22,819
22,820
22,821
22,822
22,823
22,824
22,825
22,826
22,827
22,828
22,829
22,830
22,831
22,832
22,833
22,834
22,835
22,836
22,837
22,838
22,839
22,840
22,841
22,842
22,843
22,844
22,845
22,846
22,847
22,848
22,849
22,850
22,851
22,852
22,853
22,854
22,855
22,856
22,857
22,858
22,859
22,860
22,861
22,862
22,863
22,864
22,865
22,866
22,867
22,868
22,869
22,870
22,871
22,872
22,873
22,874
22,875
22,876
22,877
22,878
22,879
22,880
22,881
22,882
22,883
22,884
22,885
22,886
22,887
22,888
22,889
22,890
22,891
22,892
22,893
22,894
22,895
22,896
22,897
22,898
22,899
22,900
22,901
22,902
22,903
22,904
22,905
22,906
22,907
22,908
22,909
22,910
22,911
22,912
22,913
22,914
22,915
22,916
22,917
22,918
22,919
22,920
22,921
22,922
22,923
22,924
22,925
22,926
22,927
22,928
22,929
22,930
22,931
22,932
22,933
22,934
22,935
22,936
22,937
22,938
22,939
22,940
22,941
22,942
22,943
22,944
22,945
22,946
22,947
22,948
22,949
22,950
22,951
22,952
22,953
22,954
22,955
22,956
22,957
22,958
22,959
22,960
22,961
22,962
23,963
23,964
23,965
23,966
23,967
23,968
23,969
23,970
23,971
23,972
23,973
23,974
23,975
23,976
23,977
23,978
23,979
23,980
23,981
23,982
23,983
23,984
23,985
23,986
23,987
23,988
23,989
23,990
23,991
23,992
23,993
23,994
23,995
23,996
23,997
23,998
23,999
23,1000
23,1001
23,1002
23,1003
23,1004
23,1005
23,1006
23,1007
23,1008
23,1009
23,1010
23,1011
23,1012
23,1013
23,1014
23,1015
23,1016
23,1017
23,1018
23,1019
23,1020
23,1021
24,1022
24,1023
24,1024
24,1025
24,1026
24,1027
24,1028
24,1029
24,1030
24,1031
24,1032
24,1033
24,1034
24,1035
24,1036
24,1037
24,1038
24,1039
24,1040
24,1041
24,1042
24,1043
24,1044
24,1045
24,1046
24,1047
24,1048
24,1049
24,1050
24,1051
24,1052
24,1053
24,1054
24,1055
24,1056
24,1057
24,1058
24,1059
24,1060
24,1061
24,1062
24,1063
24,1064
24,1065
24,1066
24,1067
24,1068
24,1069
24,1070
24,1071
24,1072
24,1073
24,1074
24,1075
24,1076
24,1077
24,1078
24,1079
24,1080
24,1081
24,1082
24,1083
24,1084
24,1085
24,1086
24,1087
24,1088
24,1089
24,1090
24,1091
24,1092
24,1093
24,1094
24,1095
24,1096
24,1097
24,1098
24,1099
24,1100
24,1101
24,1102
24,1103
24,1104
24,1105
24,1106
24,1107
24,1108
24,1109
24,1110
24,1111
24,1112
24,1113
24,1114
24,1115
24,1116
24,1117
24,1118
24,1119
24,1120
24,1121
24,1122
24,1123
24,1124
24,1125
24,1126
24,1127
24,1128
24,1129
24,1130
24,1131
25,1132
25,1133
25,1134
25,1135
25,1136
25,1137
25,1138
25,1139
25,1140
25,1141
25,1142
25,1143
25,1144
25,1145
25,1146
25,1147
25,1148
25,1149
25,1150
25,1151
25,1152
25,1153
25,1154
25,1155
25,1156
25,1157
25,1158
25,1159
25,1160
25,1161
25,1162
25,1163
25,1164
25,1165
25,1166
25,1167
25,1168
25,1169
25,1170
25,1171
25,1172
25,1173
25,1174
25,1175
25,1176
25,1177
25,1178
25,1179
25,1180
25,1181
25,1182
25,1183
25,1184
25,1185
25,1186
25,1187
25,1188
25,1189
25,1190
25,1191
25,1192
25,1193
25,1194
25,1195
25,1196
25,1197
25,1198
25,1199
25,1200
25,1201
25,1202
25,1203
25,1204
25,1205
25,1206
25,1207
25,1208
25,1209
25,1210
25,1211
25,1212
25,1213
25,1214
25,1215
25,1216
25,1217
25,1218
25,1219
25,1220
25,1221
25,1222
25,1223
25,1224
25,1225
25,1226
25,1227
25,1228
25,1229
25,1230
25,1231
25,1232
25,1233
25,1234
25,1235
25,1236
25,1237
25,1238
25,1239
25,1240
25,1241
25,1242
25,1243
34,1244
34,1245
34,1246
34,1247
34,1248
34,1249
34,1250
34,1251
34,1252
34,1253
34,1254
34,1255
34,1256
34,1257
34,1258
34,1259
34,1260
34,1261
34,1262
34,1263
34,1264
34,1265
34,1266
34,1267
34,1268
34,1269
34,1270
34,1271
34,1272
34,1273
34,1274
34,1275
34,1276
34,1277
34,1278
34,1279
35,1280
35,1281
35,1282
35,1283
35,1284
35,1285
35,1286
35,1287
35,1288
35,1289
35,1290
35,1291
35,1292
35,1293
35,1294
35,1295
35,1296
35,1297
35,1298
35,1299
35,1300
35,1301
35,1302
35,1303
35,1304
35,1305
35,1306
35,1307
35,1308
35,1309
35,1310
35,1311
35,1312
35,1313
35,1314
35,1315
35,1316
35,1317
35,1318
35,1319
35,1320
35,1321
35,1322
35,1323
35,1324
35,1325
35,1326
35,1327
35,1328
35,1329
35,1330
35,1331
35,1332
35,1333
35,1334
35,1335
35,1336
35,1337
35,1338
35,1339
35,1340
35,1341
35,1342
35,1343
35,1344
35,1345
35,1346
35,1347
35,1348
35,1349
35,1350
35,1351
35,1352
35,1353
35,1354
35,1355
35,1356
35,1357
35,1358
35,1359
35,1360
35,1361
35,1362
35,1363
35,1364
35,1365
35,1366
35,1367
35,1368
35,1369
35,1370
35,1371
35,1372
35,1373
35,1374
35,1375
35,1376
35,1377
35,1378
35,1379
35,1380
35,1381
35,1382
35,1383
35,1384
35,1385
35,1386
35,1387
35,1388
35,1389
35,1390
35,1391
35,1392
35,1393
35,1394
35,1395
35,1396
35,1397
35,1398
35,1399
35,1400
35,1401
35,1402
35,1403
35,1404
35,1405
35,1406
35,1407
35,1408
35,1409
35,1410
35,1411
35,1412
35,1413
35,1414
35,1415
35,1416
35,1417
35,1418
35,1419
35,1420
35,1421
35,1422
35,1423
35,1424
35,1425
35,1426
35,1427
35,1428
35,1429
35,1430
35,1431
35,1432
35,1433
35,1434
35,1435
35,1436
35,1437
35,1438
35,1439
35,1440
35,1441
36,1442
36,1443
36,1444
36,1445
36,1446
36,1447
36,1448
36,1449
36,1450
36,1451
36,1452
36,1453
36,1454
36,1455
36,1456
36,1457
36,1458
36,1459
36,1460
36,1461
36,1462
36,1463
36,1464
36,1465
36,1466
36,1467
36,1468
36,1469
36,1470
36,1471
36,1472
36,1473
36,1474
36,1475
36,1476
36,1477
36,1478
36,1479
36,1480
36,1481
36,1482
36,1483
36,1484
36,1485
36,1486
36,1487
36,1488
36,1489
36,1490
36,1491
36,1492
36,1493
36,1494
36,1495
36,1496
36,1497
36,1498
36,1499
36,1500
36,1501
36,1502
36,1503
36,1504
36,1505
36,1506
36,1507
36,1508
36,1509
36,1510
36,1511
36,1512
36,1513
36,1514
36,1515
36,1516
36,1517
36,1518
36,1519
36,1520
36,1521
36,1522
36,1523
36,1524
36,1525
36,1526
36,1527
36,1528
36,1529
36,1530
36,1531
36,1532
36,1533
36,1534
36,1535
36,1536
36,1537
36,1538
36,1539
36,1540
36,1541
36,1542
36,1543
36,1544
36,1545
36,1546
36,1547
36,1548
36,1549
36,1550
36,1551
36,1552
36,1553
36,1554
36,1555
36,1556
36,1557
36,1558
36,1559
36,1560
36,1561
36,1562
36,1563
36,1564
36,1565
36,1566
36,1567
36,1568
36,1569
36,1570
36,1571
36,1572
36,1573
36,1574
37,1575
37,1576
37,1577
37,1578
37,1579
37,1580
37,1581
37,1582
37,1583
37,1584
37,1585
37,1586
37,1587
37,1588
37,1589
37,1590
37,1591
37,1592
37,1593
37,1594
37,1595
37,1596
37,1597
37,1598
37,1599
37,1600
37,1601
37,1602
37,1603
37,1604
37,1605
37,1606
37,1607
37,1608
37,1609
37,1610
37,1611
37,1612
37,1613
37,1614
37,1615
37,1616
37,1617
37,1618
37,1619
37,1620
37,1621
37,1622
37,1623
37,1624
37,1625
37,1626
37,1627
37,1628
37,1629
37,1630
37,1631
37,1632
37,1633
37,1634
37,1635
37,1636
37,1637
37,1638
37,1639
37,1640
37,1641
37,1642
37,1643
37,1644
37,1645
37,1646
37,1647
37,1648
37,1649
37,1650
37,1651
37,1652
37,1653
37,1654
37,1655
37,1656
37,1657
37,1658
37,1659
37,1660
37,1661
37,1662
37,1663
37,1664
37,1665
37,1666
37,1667
37,1668
37,1669
37,1670
37,1671
37,1672
37,1673
37,1674
37,1675
37,1676
37,1677
37,1678
37,1679
37,1680
37,1681
37,1682
37,1683
37,1684
37,1685
37,1686
37,1687
37,1688
37,1689
37,1690
37,1691
37,1692
37,1693
37,1694
37,1695
37,1696
37,1697
37,1698
37,1699
37,1700
37,1701
37,1702
37,1703
37,1704
37,1705
37,1706
37,1707
37,1708
37,1709
37,1710
37,1711
37,1712
37,1713
37,1714
37,1715
37,1716
37,1717
37,1718
37,1719
37,1720
37,1721
37,1722
37,1723
37,1724
37,1725
37,1726
37,1727
37,1728
37,1729
37,1730
37,1731
38,1732
38,1733
38,1734
38,1735
38,1736
38,1737
38,1738
38,1739
38,1740
38,1741
38,1742
38,1743
38,1744
38,1745
38,1746
38,1747
38,1748
38,1749
38,1750
38,1751
39,1752
39,1753
39,1754
39,1755
39,1756
39,1757
39,1758
39,1759
39,1760
39,1761
39,1762
39,1763
39,1764
39,1765
39,1766
39,1767
39,1768
39,1769
39,1770
39,1771
40,1772
40,1773
41,1774
41,1775
41,1776
41,1777
41,1778
41,1779
41,1780
41,1781
41,1782
41,1783
41,1784
41,1785
41,1786
41,1787
41,1788
41,1789
41,1790
41,1791
41,1792
41,1793
41,1794
41,1795
41,1796
41,1797
41,1798
41,1799
41,1800
41,1801
41,1802
41,1803
41,1804
41,1805
41,1806
41,1807
41,1808
41,1809
41,1810
41,1811
41,1812
41,1813
41,1814
41,1815
41,1816
41,1817
41,1818
41,1819
41,1820
41,1821
41,1822
41,1823
41,1824
41,1825
41,1826
41,1827
41,1828
41,1829
41,1830
41,1831
41,1832
41,1833
41,1834
41,1835
41,1836
41,1837
41,1838
41,1839
41,1840
41,1841
41,1842
41,1843
41,1844
41,1845
41,1846
41,1847
41,1848
41,1849
41,1850
41,1851
41,1852
41,1853
41,1854
41,1855
41,1856
41,1857
41,1858
41,1859
41,1860
41,1861
41,1862
41,1863
41,1864
41,1865
41,1866
41,1867
41,1868
41,1869
41,1870
41,1871
41,1872
41,1873
41,1874
41,1875
41,1876
41,1877
41,1878
41,1879
41,1880
41,1881
41,1882
41,1883
41,1884
41,1885
41,1886
41,1887
41,1888
41,1889
41,1890
41,1891
41,1892
41,1893
41,1894
41,1895
41,1896
41,1897
41,1898
41,1899
41,1900
41,1901
41,1902
41,1903
41,1904
41,1905
41,1906
41,1907
41,1908
41,1909
41,1910
41,1911
41,1912
41,1913
41,1914
41,1915
41,1916
41,1917
41,1918
41,1919
41,1920
41,1921
41,1922
41,1923
41,1924
41,1925
41,1926
41,1927
41,1928
41,1929
41,1930
41,1931
41,1932
41,1933
41,1934
41,1935
41,1936
41,1937
41,1938
41,1939
41,1940
41,1941
41,1942
41,1943
41,1944
41,1945
41,1946
41,1947
41,1948
41,1949
41,1950
41,1951
41,1952
41,1953
41,1954
41,1955
41,1956
41,1957
41,1958
41,1959
41,1960
41,1961
41,1962
41,1963
41,1964
41,1965
41,1966
41,1967
41,1968
41,1969
41,1970
41,1971
41,1972
41,1973
41,1974
41,1975
41,1976
41,1977
41,1978
41,1979
41,1980
41,1981
41,1982
41,1983
41,1984
41,1985
41,1986
41,1987
41,1988
41,1989
41,1990
41,1991
41,1992
41,1993
41,1994
41,1995
41,1996
41,1997
41,1998
41,1999
41,2000
41,2001
41,2002
41,2003
41,2004
41,2005
41,2006
41,2007
41,2008
41,2009
41,2010
41,2011
41,2012
41,2013
41,2014
41,2015
41,2016
41,2017
41,2018
41,2019
41,2020
41,2021
41,2022
41,2023
41,2024
41,2025
41,2026
41,2027
41,2028
41,2029
41,2030
41,2031
41,2032
41,2033
41,2034
41,2035
41,2036
41,2037
41,2038
41,2039
41,2040
41,2041
41,2042
41,2043
41,2044
41,2045
41,2046
41,2047
41,2048
41,2049
41,2050
41,2051
41,2052
41,2053
41,2054
44,2055
45,2056
45,2057
45,2058
45,2059
45,2060
45,2061
45,2062
45,2063
45,2064
45,2065
45,2066
45,2067
45,2068
45,2069
45,2070
45,2071
45,2072
45,2073
45,2074
45,2075
45,2076
45,2077
45,2078
45,2079
45,2080
45,2081
45,2082
45,2083
45,2084
45,2085
45,2086
45,2087
45,2088
45,2089
45,2090
45,2091
45,2092
45,2093
45,2094
45,2095
45,2096
45,2097
45,2098
45,2099
45,2100
45,2101
45,2102
45,2103
45,2104
45,2105
45,2106
45,2107
45,2108
45,2109
45,2110
45,2111
45,2112
45,2113
45,2114
45,2115
45,2116
45,2117
45,2118
45,2119
45,2120
45,2121
45,2122
45,2123
45,2124
45,2125
45,2126
45,2127
45,2128
45,2129
45,2130
45,2131
45,2132
45,2133
45,2134
46,2135
46,2136
46,2137
46,2138
46,2139
46,2140
46,2141
46,2142
46,2143
46,2144
46,2145
46,2146
46,2147
46,2148
46,2149
46,2150
46,2151
46,2152
46,2153
46,2154
46,2155
46,2156
46,2157
46,2158
46,2159
46,2160
46,2161
46,2162
46,2163
46,2164
46,2165
46,2166
46,2167
46,2168
46,2169
46,2170
46,2171
46,2172
46,2173
46,2174
46,2175
46,2176
46,2177
46,2178
46,2179
46,2180
46,2181
46,2182
46,2183
46,2184
46,2185
46,2186
46,2187
46,2188
46,2189
46,2190
46,2191
46,2192
46,2193
46,2194
46,2195
46,2196
46,2197
46,2198
46,2199
46,2200
46,2201
46,2202
46,2203
46,2204
46,2205
46,2206
46,2207
46,2208
46,2209
46,2210
46,2211
46,2212
46,2213
46,2214
46,2215
46,2216
46,2217
46,2218
46,2219
46,2220
46,2221
46,2222
46,2223
46,2224
46,2225
46,2226
46,2227
46,2228
46,2229
46,2230
46,2231
46,2232
46,2233
46,2234
46,2235
46,2236
46,2237
46,2238
46,2239
46,2240
46,2241
46,2242
46,2243
46,2244
46,2245
46,2246
46,2247
46,2248
46,2249
46,2250
46,2251
46,2252
46,2253
46,2254
46,2255
46,2256
46,2257
46,2258
46,2259
46,2260
46,2261
46,2262
46,2263
46,2264
46,2265
46,2266
46,2267
46,2268
46,2269
46,2270
46,2271
46,2272
46,2273
46,2274
46,2275
46,2276
46,2277
46,2278
46,2279
46,2280
46,2281
46,2282
46,2283
46,2284
46,2285
46,2286
46,2287
46,2288
46,2289
46,2290
46,2291
46,2292
46,2293
46,2294
46,2295
46,2296
46,2297
46,2298
46,2299
46,2300
46,2301
46,2302
46,2303
47,2304
47,2305
47,2306
47,2307
47,2308
47,2309
47,2310
47,2311
47,2312
47,2313
47,2314
47,2315
47,2316
47,2317
47,2318
47,2319
47,2320
47,2321
47,2322
47,2323
47,2324
47,2325
47,2326
47,2327
47,2328
47,2329
47,2330
47,2331
47,2332
47,2333
47,2334
47,2335
47,2336
47,2337
47,2338
47,2339
47,2340
47,2341
47,2342
47,2343
47,2344
47,2345
47,2346
47,2347
47,2348
47,2349
47,2350
47,2351
47,2352
47,2353
47,2354
47,2355
47,2356
47,2357
47,2358
47,2359
47,2360
47,2361
47,2362
47,2363
47,2364
47,2365
47,2366
47,2367
47,2368
47,2369
47,2370
47,2371
47,2372
47,2373
47,2374
47,2375
47,2376
47,2377
47,2378
47,2379
47,2380
47,2381
47,2382
47,2383
47,2384
47,2385
47,2386
47,2387
47,2388
47,2389
47,2390
47,2391
47,2392
47,2393
47,2394
47,2395
47,2396
47,2397
47,2398
47,2399
47,2400
47,2401
47,2402
47,2403
47,2404
47,2405
47,2406
47,2407
47,2408
47,2409
47,2410
47,2411
47,2412
47,2413
47,2414
47,2415
47,2416
47,2417
47,2418
47,2419
47,2420
47,2421
47,2422
47,2423
47,2424
47,2425
47,2426
47,2427
47,2428
47,2429
47,2430
47,2431
47,2432
47,2433
47,2434
47,2435
47,2436
47,2437
47,2438
47,2439
47,2440
47,2441
47,2442
47,2443
47,2444
47,2445
47,2446
47,2447
47,2448
47,2449
47,2450
47,2451
47,2452
47,2453
48,2454
48,2455
48,2456
48,2457
48,2458
48,2459
48,2460
48,2461
48,2462
48,2463
48,2464
48,2465
48,2466
48,2467
48,2468
48,2469
48,2470
48,2471
48,2472
48,2473
48,2474
48,2475
48,2476
48,2477
48,2478
48,2479
48,2480
48,2481
48,2482
48,2483
48,2484
48,2485
48,2486
48,2487
48,2488
48,2489
48,2490
48,2491
48,2492
48,2493
48,2494
48,2495
48,2496
48,2497
48,2498
48,2499
48,2500
48,2501
48,2502
48,2503
48,2504
48,2505
48,2506
48,2507
48,2508
48,2509
48,2510
48,2511
48,2512
48,2513
48,2514
48,2515
48,2516
48,2517
48,2518
48,2519
48,2520
48,2521
48,2522
48,2523
48,2524
48,2525
48,2526
48,2527
48,2528
48,2529
48,2530
48,2531
48,2532
48,2533
48,2534
48,2535
48,2536
48,2537
48,2538
48,2539
48,2540
48,2541
48,2542
48,2543
48,2544
48,2545
48,2546
48,2547
48,2548
48,2549
48,2550
48,2551
48,2552
48,2553
48,2554
48,2555
48,2556
48,2557
48,2558
48,2559
48,2560
48,2561
48,2562
48,2563
48,2564
48,2565
48,2566
48,2567
48,2568
48,2569
48,2570
48,2571
48,2572
48,2573
48,2574
48,2575
48,2576
48,2577
48,2578
48,2579
51,2580
51,2581
51,2582
51,2583
51,2584
51,2585
51,2586
51,2587
51,2588
51,2589
51,2590
51,2591
51,2592
51,2593
51,2594
51,2595
51,2596
51,2597
51,2598
51,2599
51,2600
51,2601
51,2602
51,2603
51,2604
51,2605
51,2606
51,2607
51,2608
51,2609
51,2610
51,2611
51,2612
51,2613
51,2614
51,2615
51,2616
51,2617
51,2618
51,2619
51,2620
51,2621
51,2622
51,2623
51,2624
51,2625
51,2626
51,2627
51,2628
51,2629
51,2630
51,2631
51,2632
51,2633
51,2634
51,2635
51,2636
51,2637
51,2638
51,2639
51,2640
51,2641
51,2642
51,2643
51,2644
51,2645
51,2646
51,2647
51,2648
51,2649
51,2650
51,2651
51,2652
51,2653
51,2654
51,2655
51,2656
51,2657
51,2658
51,2659
51,2660
51,2661
51,2662
51,2663
51,2664
51,2665
51,2666
51,2667
51,2668
51,2669
51,2670
51,2671
52,2672
52,2673
52,2674
53,2675
53,2676
53,2677
53,2678
53,2679
53,2680
53,2681
53,2682
53,2683
53,2684
53,2685
53,2686
53,2687
53,2688
53,2689
53,2690
53,2691
53,2692
53,2693
53,2694
53,2695
53,2696
53,2697
53,2698
53,2699
53,2700
53,2701
53,2702
53,2703
53,2704
53,2705
54,2706
54,2707
55,2708
55,2709
55,2710
55,2711
55,2712
55,2713
55,2714
55,2715
55,2716
55,2717
55,2718
55,2719
55,2720
55,2721
55,2722
55,2723
55,2724
55,2725
55,2726
55,2727
55,2728
55,2729
55,2730
55,2731
55,2732
55,2733
55,2734
55,2735
55,2736
55,2737
55,2738
55,2739
55,2740
55,2741
55,2742
55,2743
55,2744
55,2745
55,2746
55,2747
55,2748
55,2749
55,2750
55,2751
55,2752
55,2753
55,2754
55,2755
55,2756
55,2757
55,2758
55,2759
55,2760
55,2761
55,2762
55,2763
55,2764
55,2765
55,2766
55,2767
55,2768
55,2769
55,2770
55,2771
55,2772
55,2773
55,2774
55,2775
55,2776
55,2777
55,2778
55,2779
55,2780
55,2781
55,2782
55,2783
55,2784
55,2785
55,2786
55,2787
55,2788
55,2789
55,2790
55,2791
55,2792
55,2793
55,2794
55,2795
55,2796
55,2797
55,2798
55,2799
55,2800
55,2801
55,2802
55,2803
55,2804
55,2805
55,2806
56,2807
56,2808
56,2809
56,2810
56,2811
56,2812
56,2813
56,2814
56,2815
56,2816
56,2817
56,2818
56,2819
56,2820
56,2821
56,2822
56,2823
56,2824
56,2825
56,2826
56,2827
56,2828
56,2829
56,2830
56,2831
56,2832
56,2833
56,2834
56,2835
56,2836
56,2837
56,2838
56,2839
56,2840
56,2841
56,2842
56,2843
56,2844
56,2845
56,2846
56,2847
56,2848
56,2849
56,2850
56,2851
56,2852
56,2853
56,2854
56,2855
56,2856
56,2857
56,2858
56,2859
56,2860
56,2861
56,2862
56,2863
56,2864
56,2865
56,2866
56,2867
56,2868
56,2869
56,2870
56,2871
56,2872
56,2873
56,2874
56,2875
56,2876
56,2877
56,2878
56,2879
56,2880
56,2881
56,2882
56,2883
56,2884
56,2885
56,2886
56,2887
56,2888
56,2889
56,2890
56,2891
56,2892
56,2893
56,2894
56,2895
56,2896
56,2897
56,2898
56,2899
56,2900
56,2901
56,2902
56,2903
56,2904
56,2905
56,2906
56,2907
56,2908
56,2909
56,2910
56,2911
56,2912
56,2913
56,2914
56,2915
56,2916
56,2917
56,2918
56,2919
56,2920
56,2921
56,2922
56,2923
56,2924
56,2925
56,2926
56,2927
56,2928
56,2929
56,2930
56,2931
56,2932
56,2933
56,2934
56,2935
56,2936
56,2937
56,2938
56,2939
56,2940
56,2941
56,2942
56,2943
56,2944
56,2945
56,2946
56,2947
56,2948
56,2949
56,2950
56,2951
56,2952
56,2953
56,2954
56,2955
56,2956
56,2957
56,2958
56,2959
56,2960
56,2961
56,2962
56,2963
56,2964
56,2965
56,2966
56,2967
56,2968
56,2969
56,2970
56,2971
56,2972
56,2973
56,2974
56,2975
56,2976
56,2977
56,2978
56,2979
56,2980
56,2981
56,2982
56,2983
56,2984
56,2985
56,2986
56,2987
56,2988
56,2989
56,2990
56,2991
56,2992
56,2993
56,2994
56,2995
56,2996
56,2997
56,2998
56,2999
56,3000
56,3001
56,3002
56,3003
56,3004
56,3005
56,3006
56,3007
56,3008
56,3009
56,3010
56,3011
56,3012
56,3013
56,3014
56,3015
57,3016
57,3017
57,3018
57,3019
57,3020
57,3021
57,3022
57,3023
57,3024
57,3025
57,3026
57,3027
57,3028
57,3029
57,3030
57,3031
57,3032
57,3033
57,3034
57,3035
57,3036
57,3037
57,3038
57,3039
57,3040
57,3041
57,3042
57,3043
57,3044
57,3045
57,3046
57,3047
57,3048
57,3049
57,3050
57,3051
57,3052
57,3053
57,3054
57,3055
57,3056
57,3057
57,3058
57,3059
57,3060
57,3061
57,3062
57,3063
57,3064
57,3065
57,3066
57,3067
57,3068
57,3069
57,3070
57,3071
57,3072
57,3073
57,3074
57,3075
57,3076
57,3077
57,3078
57,3079
57,3080
57,3081
57,3082
57,3083
57,3084
57,3085
57,3086
57,3087
57,3088
57,3089
57,3090
57,3091
57,3092
57,3093
57,3094
57,3095
57,3096
57,3097
57,3098
57,3099
57,3100
57,3101
57,3102
57,3103
57,3104
57,3105
57,3106
57,3107
57,3108
57,3109
57,3110
57,3111
57,3112
57,3113
57,3114
57,3115
57,3116
57,3117
57,3118
57,3119
57,3120
57,3121
57,3122
57,3123
57,3124
57,3125
57,3126
57,3127
57,3128
57,3129
57,3130
57,3131
57,3132
57,3133
57,3134
57,3135
57,3136
57,3137
57,3138
57,3139
57,3140
57,3141
57,3142
57,3143
57,3144
57,3145
57,3146
57,3147
57,3148
57,3149
57,3150
57,3151
57,3152
57,3153
57,3154
57,3155
57,3156
57,3157
57,3158
57,3159
57,3160
57,3161
57,3162
57,3163
57,3164
57,3165
57,3166
57,3167
57,3168
57,3169
57,3170
57,3171
57,3172
57,3173
57,3174
57,3175
57,3176
57,3177
58,3178
58,3179
58,3180
58,3181
58,3182
58,3183
58,3184
58,3185
58,3186
58,3187
58,3188
58,3189
58,3190
58,3191
58,3192
58,3193
58,3194
58,3195
58,3196
58,3197
58,3198
58,3199
58,3200
58,3201
58,3202
58,3203
58,3204
58,3205
58,3206
58,3207
58,3208
58,3209
58,3210
58,3211
58,3212
58,3213
58,3214
58,3215
58,3216
58,3217
58,3218
58,3219
58,3220
58,3221
58,3222
58,3223
58,3224
58,3225
58,3226
58,3227
58,3228
58,3229
58,3230
58,3231
58,3232
58,3233
58,3234
58,3235
58,3236
58,3237
58,3238
58,3239
58,3240
58,3241
58,3242
58,3243
58,3244
58,3245
58,3246
58,3247
58,3248
58,3249
58,3250
58,3251
58,3252
58,3253
58,3254
58,3255
58,3256
58,3257
58,3258
58,3259
58,3260
58,3261
58,3262
58,3263
58,3264
58,3265
58,3266
58,3267
58,3268
58,3269
58,3270
58,3271
58,3272
58,3273
58,3274
58,3275
58,3276
58,3277
58,3278
58,3279
58,3280
58,3281
58,3282
58,3283
58,3284
58,3285
58,3286
58,3287
58,3288
58,3289
58,3290
58,3291
58,3292
58,3293
58,3294
58,3295
59,3296
59,3297
59,3298
59,3299
59,3300
59,3301
59,3302
60,3303
60,3304
60,3305
60,3306
60,3307
60,3308
60,3309
60,3310
60,3311
60,3312
60,3313
60,3314
60,3315
60,3316
60,3317
60,3318
60,3319
60,3320
60,3321
60,3322
60,3323
60,3324
60,3325
60,3326
60,3327
60,3328
60,3329
60,3330
60,3331
60,3332
60,3333
60,3334
60,3335
60,3336
60,3337
60,3338
60,3339
60,3340
60,3341
60,3342
60,3343
60,3344
60,3345
60,3346
60,3347
60,3348
60,3349
60,3350
60,3351
60,3352
60,3353
60,3354
60,3355
60,3356
60,3357
60,3358
60,3359
60,3360
60,3361
60,3362
60,3363
60,3364
60,3365
60,3366
60,3367
60,3368
60,3369
60,3370
60,3371
60,3372
60,3373
60,3374
60,3375
60,3376
60,3377
60,3378
60,3379
60,3380
60,3381
60,3382
60,3383
60,3384
60,3385
60,3386
60,3387
60,3388
60,3389
60,3390
60,3391
60,3392
60,3393
60,3394
60,3395
60,3396
60,3397
60,3398
60,3399
60,3400
60,3401
60,3402
60,3403
60,3404
60,3405
60,3406
60,3407
60,3408
60,3409
60,3410
60,3411
60,3412
60,3413
61,3414
61,3415
61,3416
61,3417
61,3418
61,3419
61,3420
61,3421
61,3422
61,3423
61,3424
61,3425
61,3426
61,3427
61,3428
61,3429
61,3430
61,3431
61,3432
61,3433
61,3434
61,3435
61,3436
61,3437
61,3438
61,3439
61,3440
61,3441
61,3442
61,3443
61,3444
61,3445
61,3446
61,3447
61,3448
61,3449
61,3450
61,3451
61,3452
61,3453
61,3454
61,3455
61,3456
61,3457
61,3458
61,3459
61,3460
61,3461
61,3462
61,3463
61,3464
61,3465
61,3466
61,3467
61,3468
61,3469
61,3470
61,3471
61,3472
61,3473
61,3474
61,3475
61,3476
61,3477
61,3478
61,3479
61,3480
61,3481
61,3482
61,3483
61,3484
61,3485
61,3486
61,3487
61,3488
61,3489
61,3490
61,3491
61,3492
61,3493
61,3494
61,3495
61,3496
61,3497
61,3498
61,3499
61,3500
61,3501
61,3502
61,3503
61,3504
61,3505
61,3506
61,3507
61,3508
61,3509
61,3510
61,3511
61,3512
61,3513
61,3514
61,3515
61,3516
61,3517
61,3518
61,3519
61,3520
61,3521
61,3522
61,3523
61,3524
61,3525
61,3526
61,3527
61,3528
61,3529
61,3530
61,3531
61,3532
61,3533
61,3534
61,3535
61,3536
61,3537
61,3538
61,3539
61,3540
61,3541
61,3542
61,3543
61,3544
61,3545
61,3546
61,3547
61,3548
62,3549
62,3550
62,3551
62,3552
62,3553
62,3554
62,3555
62,3556
62,3557
62,3558
62,3559
62,3560
62,3561
62,3562
62,3563
62,3564
62,3565
62,3566
62,3567
62,3568
62,3569
62,3570
62,3571
62,3572
62,3573
62,3574
62,3575
62,3576
62,3577
62,3578
62,3579
62,3580
62,3581
62,3582
62,3583
62,3584
62,3585
62,3586
62,3587
62,3588
62,3589
62,3590
62,3591
62,3592
62,3593
62,3594
62,3595
62,3596
62,3597
62,3598
62,3599
62,3600
62,3601
62,3602
62,3603
62,3604
62,3605
62,3606
62,3607
62,3608
62,3609
62,3610
62,3611
62,3612
62,3613
62,3614
62,3615
62,3616
62,3617
62,3618
62,3619
62,3620
62,3621
62,3622
62,3623
62,3624
62,3625
62,3626
62,3627
62,3628
62,3629
62,3630
62,3631
62,3632
62,3633
62,3634
62,3635
62,3636
62,3637
62,3638
62,3639
62,3640
62,3641
62,3642
62,3643
62,3644
62,3645
62,3646
62,3647
62,3648
62,3649
62,3650
62,3651
62,3652
62,3653
62,3654
62,3655
62,3656
62,3657
62,3658
62,3659
62,3660
62,3661
62,3662
62,3663
62,3664
62,3665
62,3666
62,3667
62,3668
62,3669
62,3670
62,3671
62,3672
62,3673
62,3674
62,3675
62,3676
62,3677
62,3678
62,3679
62,3680
62,3681
62,3682
62,3683
62,3684
62,3685
62,3686
62,3687
62,3688
62,3689
62,3690
62,3691
62,3692
62,3693
62,3694
62,3695
62,3696
62,3697
62,3698
62,3699
62,3700
62,3701
62,3702
62,3703
62,3704
63,3705
63,3706
63,3707
63,3708
63,3709
63,3710
63,3711
63,3712
63,3713
63,3714
63,3715
63,3716
63,3717
63,3718
63,3719
63,3720
63,3721
63,3722
63,3723
63,3724
63,3725
63,3726
63,3727
63,3728
63,3729
63,3730
63,3731
63,3732
63,3733
63,3734
63,3735
63,3736
63,3737
63,3738
63,3739
63,3740
63,3741
63,3742
63,3743
63,3744
63,3745
63,3746
63,3747
63,3748
63,3749
63,3750
63,3751
63,3752
63,3753
63,3754
63,3755
63,3756
63,3757
63,3758
63,3759
63,3760
63,3761
63,3762
63,3763
63,3764
63,3765
63,3766
63,3767
63,3768
63,3769
63,3770
63,3771
63,3772
63,3773
63,3774
63,3775
63,3776
63,3777
63,3778
63,3779
63,3780
63,3781
63,3782
63,3783
63,3784
63,3785
63,3786
63,3787
63,3788
63,3789
63,3790
63,3791
63,3792
63,3793
63,3794
63,3795
63,3796
63,3797
63,3798
63,3799
63,3800
63,3801
63,3802
63,3803
63,3804
63,3805
63,3806
63,3807
63,3808
63,3809
63,3810
63,3811
63,3812
63,3813
63,3814
63,3815
63,3816
63,3817
63,3818
63,3819
63,3820
63,3821
63,3822
63,3823
63,3824
63,3825
63,3826
63,3827
63,3828
63,3829
63,3830
63,3831
63,3832
63,3833
63,3834
63,3835
63,3836
63,3837
63,3838
63,3839
63,3840
63,3841
63,3842
63,3843
63,3844
63,3845
63,3846
63,3847
63,3848
63,3849
63,3850
63,3851
63,3852
63,3853
63,3854
63,3855
63,3856
63,3857
63,3858
63,3859
63,3860
63,3861
63,3862
63,3863
63,3864
63,3865
63,3866
63,3867
63,3868
63,3869
63,3870
63,3871
63,3872
63,3873
63,3874
63,3875
63,3876
63,3877
63,3878
63,3879
63,3880
63,3881
63,3882
63,3883
63,3884
63,3885
63,3886
63,3887
63,3888
63,3889
63,3890
63,3891
63,3892
63,3893
63,3894
63,3895
63,3896
63,3897
63,3898
63,3899
63,3900
63,3901
63,3902
63,3903
63,3904
63,3905
63,3906
63,3907
63,3908
63,3909
63,3910
63,3911
63,3912
63,3913
64,3914
64,3915
64,3916
64,3917
64,3918
64,3919
64,3920
65,3921
65,3922
65,3923
65,3924
65,3925
66,3926
66,3927
66,3928
66,3929
66,3930
66,3931
66,3932
66,3933
66,3934
66,3935
66,3936
66,3937
66,3938
66,3939
66,3940
66,3941
66,3942
66,3943
66,3944
66,3945
66,3946
66,3947
66,3948
66,3949
66,3950
66,3951
66,3952
66,3953
66,3954
66,3955
66,3956
66,3957
66,3958
66,3959
66,3960
66,3961
66,3962
66,3963
66,3964
66,3965
66,3966
66,3967
66,3968
66,3969
66,3970
66,3971
66,3972
66,3973
66,3974
66,3975
66,3976
66,3977
66,3978
66,3979
66,3980
66,3981
66,3982
66,3983
66,3984
66,3985
66,3986
66,3987
66,3988
66,3989
66,3990
66,3991
66,3992
66,3993
66,3994
66,3995
66,3996
66,3997
66,3998
66,3999
66,4000
66,4001
66,4002
66,4003
66,4004
66,4005
66,4006
66,4007
66,4008
66,4009
66,4010
66,4011
66,4012
66,4013
66,4014
66,4015
66,4016
66,4017
66,4018
66,4019
66,4020
66,4021
66,4022
66,4023
66,4024
66,4025
66,4026
66,4027
66,4028
66,4029
66,4030
66,4031
66,4032
66,4033
66,4034
66,4035
66,4036
66,4037
66,4038
66,4039
66,4040
66,4041
66,4042
66,4043
66,4044
66,4045
66,4046
66,4047
66,4048
66,4049
66,4050
66,4051
66,4052
66,4053
66,4054
66,4055
66,4056
66,4057
66,4058
66,4059
66,4060
66,4061
66,4062
66,4063
66,4064
66,4065
66,4066
66,4067
66,4068
66,4069
66,4070
66,4071
66,4072
66,4073
66,4074
66,4075
66,4076
66,4077
66,4078
66,4079
66,4080
66,4081
66,4082
66,4083
66,4084
66,4085
67,4086
67,4087
67,4088
67,4089
67,4090
67,4091
67,4092
67,4093
67,4094
67,4095
67,4096
67,4097
67,4098
67,4099
67,4100
67,4101
67,4102
67,4103
67,4104
67,4105
67,4106
67,4107
67,4108
67,4109
67,4110
67,4111
67,4112
67,4113
67,4114
67,4115
67,4116
67,4117
67,4118
67,4119
67,4120
67,4121
67,4122
67,4123
67,4124
68,4125
68,4126
68,4127
68,4128
69,4129
69,4130
69,4131
69,4132
69,4133
69,4134
69,4135
69,4136
69,4137
69,4138
69,4139
69,4140
69,4141
69,4142
69,4143
69,4144
69,4145
69,4146
69,4147
69,4148
69,4149
69,4150
69,4151
69,4152
69,4153
69,4154
69,4155
69,4156
69,4157
69,4158
69,4159
69,4160
69,4161
69,4162
69,4163
69,4164
69,4165
69,4166
69,4167
69,4168
69,4169
69,4170
69,4171
69,4172
69,4173
69,4174
69,4175
69,4176
69,4177
69,4178
69,4179
69,4180
69,4181
69,4182
69,4183
69,4184
69,4185
69,4186
69,4187
69,4188
69,4189
69,4190
69,4191
69,4192
69,4193
69,4194
69,4195
69,4196
69,4197
69,4198
69,4199
69,4200
69,4201
69,4202
69,4203
69,4204
69,4205
69,4206
69,4207
69,4208
69,4209
69,4210
69,4211
69,4212
69,4213
69,4214
69,4215
69,4216
69,4217
69,4218
69,4219
69,4220
69,4221
69,4222
69,4223
69,4224
69,4225
69,4226
69,4227
69,4228
69,4229
69,4230
69,4231
69,4232
69,4233
69,4234
69,4235
69,4236
69,4237
69,4238
69,4239
69,4240
69,4241
69,4242
69,4243
69,4244
69,4245
69,4246
69,4247
69,4248
69,4249
69,4250
70,4251
70,4252
70,4253
70,4254
70,4255
70,4256
70,4257
70,4258
70,4259
70,4260
70,4261
70,4262
70,4263
70,4264
70,4265
70,4266
70,4267
70,4268
70,4269
70,4270
70,4271
70,4272
70,4273
70,4274
70,4275
70,4276
70,4277
70,4278
70,4279
70,4280
70,4281
70,4282
70,4283
70,4284
70,4285
70,4286
70,4287
70,4288
70,4289
70,4290
70,4291
70,4292
70,4293
70,4294
70,4295
70,4296
70,4297
70,4298
70,4299
70,4300
70,4301
70,4302
70,4303
70,4304
70,4305
70,4306
70,4307
70,4308
70,4309
70,4310
70,4311
70,4312
70,4313
70,4314
70,4315
70,4316
70,4317
70,4318
70,4319
70,4320
70,4321
70,4322
70,4323
70,4324
70,4325
70,4326
70,4327
70,4328
70,4329
70,4330
70,4331
70,4332
70,4333
70,4334
70,4335
70,4336
70,4337
70,4338
70,4339
70,4340
70,4341
70,4342
70,4343
70,4344
70,4345
70,4346
70,4347
70,4348
70,4349
70,4350
70,4351
70,4352
70,4353
70,4354
70,4355
70,4356
70,4357
70,4358
70,4359
70,4360
70,4361
70,4362
70,4363
70,4364
70,4365
70,4366
70,4367
70,4368
70,4369
70,4370
70,4371
70,4372
70,4373
70,4374
70,4375
70,4376
70,4377
70,4378
70,4379
70,4380
70,4381
70,4382
70,4383
70,4384
70,4385
70,4386
70,4387
70,4388
70,4389
70,4390
70,4391
70,4392
70,4393
70,4394
70,4395
70,4396
70,4397
70,4398
70,4399
70,4400
70,4401
70,4402
70,4403
70,4404
70,4405
70,4406
70,4407
70,4408
70,4409
70,4410
71,4411
71,4412
71,4413
71,4414
71,4415
71,4416
71,4417
71,4418
71,4419
71,4420
71,4421
71,4422
71,4423
71,4424
71,4425
71,4426
71,4427
72,4428
72,4429
72,4430
72,4431
72,4432
73,4433
73,4434
73,4435
73,4436
73,4437
73,4438
73,4439
74,4440
74,4441
74,4442
74,4443
74,4444
74,4445
74,4446
74,4447
74,4448
74,4449
74,4450
74,4451
74,4452
74,4453
74,4454
74,4455
74,4456
74,4457
74,4458
74,4459
74,4460
74,4461
74,4462
74,4463
74,4464
74,4465
74,4466
74,4467
74,4468
74,4469
74,4470
74,4471
74,4472
74,4473
74,4474
74,4475
74,4476
74,4477
74,4478
74,4479
74,4480
74,4481
74,4482
74,4483
74,4484
74,4485
74,4486
74,4487
74,4488
74,4489
74,4490
74,4491
74,4492
74,4493
74,4494
74,4495
74,4496
74,4497
74,4498
74,4499
74,4500
74,4501
74,4502
74,4503
74,4504
74,4505
74,4506
74,4507
74,4508
74,4509
74,4510
74,4511
74,4512
74,4513
74,4514
74,4515
74,4516
74,4517
74,4518
74,4519
74,4520
74,4521
74,4522
74,4523
74,4524
74,4525
74,4526
74,4527
74,4528
74,4529
74,4530
74,4531
74,4532
74,4533
74,4534
74,4535
74,4536
74,4537
74,4538
74,4539
74,4540
74,4541
74,4542
74,4543
74,4544
74,4545
74,4546
74,4547
74,4548
74,4549
74,4550
74,4551
74,4552
74,4553
74,4554
74,4555
74,4556
74,4557
74,4558
74,4559
74,4560
74,4561
74,4562
74,4563
74,4564
74,4565
74,4566
74,4567
74,4568
74,4569
74,4570
74,4571
74,4572
74,4573
74,4574
74,4575
74,4576
74,4577
74,4578
74,4579
74,4580
74,4581
74,4582
74,4583
74,4584
74,4585
74,4586
74,4587
74,4588
74,4589
74,4590
74,4591
74,4592
74,4593
74,4594
74,4595
74,4596
74,4597
74,4598
74,4599
74,4600
74,4601
74,4602
74,4603
74,4604
74,4605
74,4606
74,4607
74,4608
74,4609
74,4610
74,4611
74,4612
74,4613
74,4614
74,4615
74,4616
74,4617
74,4618
74,4619
74,4620
74,4621
74,4622
74,4623
74,4624
74,4625
74,4626
74,4627
74,4628
74,4629
74,4630
74,4631
74,4632
74,4633
74,4634
74,4635
74,4636
74,4637
74,4638
74,4639
74,4640
74,4641
74,4642
74,4643
74,4644
74,4645
74,4646
74,4647
74,4648
74,4649
74,4650
93,4651
93,4652
93,4653
93,4654
93,4655
93,4656
93,4657
93,4658
93,4659
93,4660
93,4661
93,4662
93,4663
93,4664
93,4665
93,4666
93,4667
93,4668
93,4669
93,4670
93,4671
93,4672
93,4673
93,4674
93,4675
93,4676
93,4677
93,4678
93,4679
93,4680
93,4681
93,4682
93,4683
93,4684
93,4685
93,4686
93,4687
93,4688
93,4689
93,4690
93,4691
93,4692
93,4693
93,4694
93,4695
93,4696
93,4697
93,4698
93,4699
93,4700
93,4701
93,4702
93,4703
93,4704
93,4705
93,4706
93,4707
93,4708
93,4709
93,4710
93,4711
93,4712
93,4713
93,4714
93,4715
93,4716
93,4717
93,4718
93,4719
93,4720
93,4721
93,4722
93,4723
93,4724
93,4725
93,4726
93,4727
93,4728
93,4729
93,4730
93,4731
93,4732
93,4733
93,4734
93,4735
93,4736
93,4737
93,4738
93,4739
93,4740
93,4741
93,4742
93,4743
93,4744
93,4745
93,4746
93,4747
93,4748
93,4749
93,4750
93,4751
93,4752
93,4753
93,4754
93,4755
93,4756
93,4757
93,4758
93,4759
93,4760
93,4761
93,4762
93,4763
93,4764
93,4765
93,4766
93,4767
93,4768
93,4769
93,4770
93,4771
93,4772
93,4773
93,4774
93,4775
93,4776
93,4777
93,4778
93,4779
93,4780
93,4781
93,4782
93,4783
93,4784
93,4785
93,4786
93,4787
93,4788
93,4789
93,4790
93,4791
93,4792
93,4793
93,4794
93,4795
93,4796
93,4797
93,4798
93,4799
93,4800
93,4801
93,4802
93,4803
93,4804
93,4805
93,4806
93,4807
93,4808
93,4809
93,4810
93,4811
93,4812
93,4813
93,4814
93,4815
93,4816
93,4817
93,4818
93,4819
93,4820
93,4821
93,4822
93,4823
93,4824
93,4825
93,4826
93,4827
93,4828
93,4829
93,4830
93,4831
93,4832
93,4833
93,4834
93,4835
93,4836
93,4837
93,4838
93,4839
93,4840
93,4841
93,4842
93,4843
93,4844
93,4845
93,4846
93,4847
93,4848
93,4849
93,4850
93,4851
93,4852
93,4853
93,4854
93,4855
93,4856
93,4857
93,4858
93,4859
93,4860
93,4861
93,4862
93,4863
93,4864
93,4865
93,4866
93,4867
93,4868
93,4869
93,4870
93,4871
93,4872
93,4873
93,4874
93,4875
93,4876
93,4877
93,4878
93,4879
93,4880
93,4881
93,4882
93,4883
93,4884
93,4885
93,4886
93,4887
93,4888
93,4889
93,4890
93,4891
93,4892
93,4893
93,4894
93,4895
94,4896
94,4897
94,4898
94,4899
94,4900
94,4901
94,4902
94,4903
94,4904
94,4905
94,4906
94,4907
94,4908
94,4909
94,4910
94,4911
94,4912
94,4913
94,4914
94,4915
94,4916
94,4917
94,4918
94,4919
94,4920
94,4921
94,4922
94,4923
94,4924
94,4925
94,4926
94,4927
94,4928
94,4929
94,4930
94,4931
94,4932
94,4933
94,4934
94,4935
94,4936
94,4937
94,4938
94,4939
94,4940
94,4941
94,4942
94,4943
94,4944
94,4945
94,4946
94,4947
94,4948
94,4949
94,4950
94,4951
94,4952
94,4953
94,4954
94,4955
94,4956
94,4957
94,4958
94,4959
94,4960
94,4961
94,4962
94,4963
94,4964
94,4965
94,4966
94,4967
94,4968
94,4969
94,4970
94,4971
94,4972
94,4973
94,4974
94,4975
94,4976
94,4977
94,4978
94,4979
94,4980
94,4981
94,4982
94,4983
95,4984
95,4985
95,4986
95,4987
95,4988
95,4989
95,4990
95,4991
95,4992
95,4993
95,4994
95,4995
95,4996
95,4997
95,4998
95,4999
95,5000
95,5001
95,5002
95,5003
95,5004
95,5005
95,5006
95,5007
95,5008
95,5009
95,5010
95,5011
95,5012
95,5013
95,5014
95,5015
95,5016
95,5017
95,5018
95,5019
95,5020
95,5021
95,5022
95,5023
95,5024
95,5025
95,5026
95,5027
95,5028
95,5029
95,5030
95,5031
95,5032
95,5033
95,5034
95,5035
95,5036
95,5037
95,5038
95,5039
95,5040
95,5041
95,5042
95,5043
95,5044
95,5045
95,5046
95,5047
95,5048
95,5049
95,5050
95,5051
95,5052
95,5053
95,5054
95,5055
95,5056
95,5057
95,5058
95,5059
95,5060
95,5061
95,5062
95,5063
95,5064
95,5065
95,5066
95,5067
95,5068
95,5069
95,5070
95,5071
95,5072
95,5073
95,5074
95,5075
95,5076
95,5077
95,5078
95,5079
95,5080
95,5081
95,5082
95,5083
95,5084
95,5085
95,5086
95,5087
95,5088
95,5089
95,5090
95,5091
95,5092
95,5093
95,5094
95,5095
95,5096
95,5097
95,5098
95,5099
95,5100
95,5101
96,5102
96,5103
96,5104
96,5105
96,5106
96,5107
96,5108
96,5109
96,5110
96,5111
96,5112
96,5113
96,5114
96,5115
96,5116
96,5117
96,5118
96,5119
96,5120
96,5121
96,5122
96,5123
96,5124
96,5125
96,5126
96,5127
96,5128
96,5129
96,5130
96,5131
96,5132
96,5133
96,5134
96,5135
96,5136
96,5137
96,5138
96,5139
96,5140
96,5141
96,5142
96,5143
96,5144
96,5145
96,5146
96,5147
96,5148
96,5149
96,5150
96,5151
96,5152
96,5153
96,5154
96,5155
96,5156
96,5157
96,5158
96,5159
96,5160
96,5161
96,5162
96,5163
96,5164
96,5165
96,5166
96,5167
96,5168
96,5169
96,5170
96,5171
96,5172
96,5173
96,5174
96,5175
96,5176
96,5177
96,5178
96,5179
96,5180
96,5181
96,5182
96,5183
96,5184
96,5185
96,5186
96,5187
96,5188
96,5189
96,5190
96,5191
96,5192
96,5193
96,5194
96,5195
96,5196
96,5197
96,5198
96,5199
96,5200
96,5201
96,5202
96,5203
96,5204
96,5205
96,5206
96,5207
96,5208
96,5209
96,5210
96,5211
96,5212
96,5213
96,5214
96,5215
96,5216
96,5217
96,5218
96,5219
96,5220
96,5221
96,5222
96,5223
96,5224
96,5225
96,5226
96,5227
96,5228
96,5229
96,5230
96,5231
96,5232
96,5233
96,5234
96,5235
96,5236
96,5237
96,5238
96,5239
96,5240
96,5241
96,5242
96,5243
96,5244
96,5245
96,5246
96,5247
96,5248
96,5249
96,5250
96,5251
96,5252
96,5253
96,5254
96,5255
96,5256
96,5257
96,5258
96,5259
96,5260
96,5261
96,5262
96,5263
96,5264
96,5265
96,5266
96,5267
96,5268
96,5269
96,5270
96,5271
96,5272
96,5273
96,5274
96,5275
96,5276
96,5277
96,5278
96,5279
96,5280
96,5281
96,5282
96,5283
96,5284
96,5285
96,5286
96,5287
96,5288
96,5289
96,5290
96,5291
96,5292
96,5293
96,5294
96,5295
96,5296
96,5297
96,5298
96,5299
96,5300
96,5301
96,5302
96,5303
96,5304
96,5305
96,5306
96,5307
96,5308
96,5309
96,5310
96,5311
96,5312
96,5313
96,5314
96,5315
96,5316
96,5317
96,5318
96,5319
96,5320
96,5321
96,5322
96,5323
96,5324
96,5325
96,5326
96,5327
97,5328
97,5329
97,5330
97,5331
97,5332
97,5333
97,5334
97,5335
97,5336
97,5337
97,5338
97,5339
97,5340
97,5341
98,5342
98,5343
98,5344
98,5345
98,5346
98,5347
98,5348
98,5349
98,5350
98,5351
98,5352
98,5353
98,5354
98,5355
98,5356
98,5357
98,5358
98,5359
98,5360
98,5361
98,5362
98,5363
98,5364
98,5365
98,5366
98,5367
98,5368
98,5369
98,5370
98,5371
98,5372
98,5373
98,5374
98,5375
98,5376
98,5377
98,5378
98,5379
98,5380
98,5381
98,5382
98,5383
98,5384
98,5385
98,5386
98,5387
98,5388
98,5389
98,5390
98,5391
98,5392
98,5393
98,5394
98,5395
98,5396
98,5397
98,5398
98,5399
98,5400
98,5401
98,5402
98,5403
98,5404
98,5405
98,5406
98,5407
98,5408
98,5409
98,5410
98,5411
98,5412
98,5413
98,5414
98,5415
98,5416
98,5417
98,5418
98,5419
98,5420
98,5421
98,5422
98,5423
98,5424
98,5425
98,5426
98,5427
98,5428
98,5429
98,5430
98,5431
98,5432
98,5433
98,5434
98,5435
98,5436
98,5437
98,5438
98,5439
98,5440
98,5441
98,5442
98,5443
98,5444
98,5445
98,5446
98,5447
98,5448
98,5449
98,5450
98,5451
98,5452
98,5453
98,5454
98,5455
98,5456
98,5457
98,5458
98,5459
98,5460
98,5461
98,5462
98,5463
98,5464
98,5465
98,5466
98,5467
98,5468
98,5469
98,5470
98,5471
98,5472
98,5473
98,5474
98,5475
98,5476
98,5477
98,5478
98,5479
98,5480
98,5481
98,5482
98,5483
98,5484
98,5485
98,5486
98,5487
98,5488
98,5489
98,5490
98,5491
98,5492
98,5493
98,5494
98,5495
98,5496
98,5497
98,5498
98,5499
98,5500
98,5501
98,5502
98,5503
98,5504
98,5505
98,5506
98,5507
98,5508
98,5509
98,5510
98,5511
98,5512
98,5513
98,5514
98,5515
98,5516
98,5517
98,5518
98,5519
98,5520
98,5521
98,5522
98,5523
98,5524
98,5525
98,5526
98,5527
98,5528
98,5529
98,5530
98,5531
98,5532
98,5533
98,5534
98,5535
98,5536
98,5537
98,5538
98,5539
98,5540
98,5541
98,5542
98,5543
98,5544
98,5545
98,5546
98,5547
98,5548
98,5549
98,5550
98,5551
98,5552
98,5553
98,5554
98,5555
98,5556
98,5557
98,5558
98,5559
98,5560
98,5561
98,5562
98,5563
98,5564
98,5565
98,5566
99,5567
99,5568
99,5569
99,5570
99,5571
99,5572
99,5573
99,5574
99,5575
99,5576
99,5577
99,5578
99,5579
99,5580
99,5581
99,5582
99,5583
99,5584
99,5585
99,5586
99,5587
99,5588
99,5589
99,5590
99,5591
99,5592
99,5593
99,5594
99,5595
99,5596
99,5597
99,5598
99,5599
99,5600
99,5601
99,5602
99,5603
99,5604
99,5605
99,5606
99,5607
99,5608
99,5609
99,5610
99,5611
99,5612
99,5613
99,5614
99,5615
99,5616
99,5617
99,5618
99,5619
99,5620
99,5621
99,5622
99,5623
99,5624
99,5625
99,5626
99,5627
99,5628
99,5629
99,5630
99,5631
99,5632
99,5633
100,5634
100,5635
100,5636
100,5637
100,5638
100,5639
100,5640
100,5641
100,5642
100,5643
100,5644
100,5645
100,5646
100,5647
100,5648
100,5649
100,5650
100,5651
100,5652
100,5653
100,5654
100,5655
100,5656
100,5657
100,5658
100,5659
100,5660
100,5661
100,5662
100,5663
100,5664
100,5665
100,5666
100,5667
100,5668
100,5669
100,5670
100,5671
100,5672
100,5673
100,5674
100,5675
100,5676
100,5677
100,5678
100,5679
100,5680
100,5681
100,5682
100,5683
100,5684
100,5685
100,5686
100,5687
100,5688
100,5689
100,5690
100,5691
100,5692
100,5693
100,5694
100,5695
100,5696
100,5697
100,5698
100,5699
100,5700
100,5701
100,5702
100,5703
100,5704
100,5705
100,5706
100,5707
100,5708
100,5709
100,5710
100,5711
100,5712
100,5713
100,5714
100,5715
100,5716
100,5717
100,5718
100,5719
100,5720
100,5721
100,5722
100,5723
100,5724
100,5725
100,5726
100,5727
100,5728
100,5729
100,5730
100,5731
100,5732
100,5733
100,5734
100,5735
100,5736
100,5737
100,5738
100,5739
100,5740
100,5741
100,5742
100,5743
100,5744
100,5745
100,5746
100,5747
100,5748
100,5749
100,5750
100,5751
100,5752
100,5753
100,5754
100,5755
100,5756
100,5757
100,5758
100,5759
100,5760
100,5761
100,5762
100,5763
100,5764
100,5765
100,5766
100,5767
100,5768
100,5769
100,5770
100,5771
100,5772
100,5773
100,5774
100,5775
100,5776
100,5777
100,5778
100,5779
100,5780
100,5781
100,5782
100,5783
100,5784
100,5785
100,5786
100,5787
100,5788
100,5789
100,5790
100,5791
100,5792
100,5793
100,5794
100,5795
100,5796
100,5797
100,5798
100,5799
100,5800
100,5801
100,5802
100,5803
100,5804
100,5805
100,5806
100,5807
100,5808
100,5809
100,5810
100,5811
100,5812
100,5813
100,5814
100,5815
100,5816
100,5817
100,5818
100,5819
100,5820
100,5821
100,5822
100,5823
100,5824
100,5825
100,5826
100,5827
100,5828
100,5829
100,5830
100,5831
100,5832
100,5833
100,5834
100,5835
100,5836
100,5837
100,5838
100,5839
100,5840
100,5841
100,5842
100,5843
100,5844
100,5845
100,5846
100,5847
100,5848
100,5849
100,5850
100,5851
100,5852
100,5853
100,5854
100,5855
100,5856
100,5857
100,5858
100,5859
100,5860
100,5861
100,5862
100,5863
100,5864
100,5865
100,5866
100,5867
100,5868
101,5869
101,5870
101,5871
101,5872
101,5873
101,5874
101,5875
101,5876
101,5877
102,5878
102,5879
102,5880
102,5881
102,5882
102,5883
102,5884
102,5885
102,5886
103,5887
103,5888
103,5889
104,5890
104,5891
104,5892
104,5893
104,5894
104,5895
104,5896
104,5897
104,5898
104,5899
104,5900
104,5901
104,5902
104,5903
104,5904
104,5905
104,5906
104,5907
104,5908
104,5909
104,5910
104,5911
104,5912
104,5913
104,5914
104,5915
104,5916
104,5917
104,5918
104,5919
104,5920
104,5921
104,5922
104,5923
104,5924
104,5925
104,5926
104,5927
104,5928
104,5929
104,5930
104,5931
104,5932
104,5933
104,5934
104,5935
104,5936
104,5937
104,5938
104,5939
104,5940
104,5941
104,5942
104,5943
104,5944
104,5945
104,5946
104,5947
104,5948
104,5949
104,5950
104,5951
104,5952
104,5953
104,5954
104,5955
104,5956
104,5957
104,5958
104,5959
104,5960
104,5961
104,5962
104,5963
104,5964
104,5965
104,5966
104,5967
104,5968
104,5969
104,5970
104,5971
104,5972
104,5973
104,5974
104,5975
104,5976
104,5977
104,5978
104,5979
104,5980
104,5981
104,5982
104,5983
104,5984
105,5985
106,5986
106,5987
106,5988
106,5989
106,5990
106,5991
106,5992
106,5993
106,5994
106,5995
106,5996
106,5997
106,5998
106,5999
106,6000
106,6001
106,6002
106,6003
106,6004
106,6005
106,6006
106,6007
106,6008
106,6009
106,6010
106,6011
106,6012
106,6013
106,6014
106,6015
106,6016
106,6017
106,6018
106,6019
106,6020
106,6021
106,6022
106,6023
106,6024
106,6025
106,6026
106,6027
106,6028
106,6029
106,6030
106,6031
106,6032
106,6033
106,6034
106,6035
106,6036
106,6037
106,6038
106,6039
106,6040
106,6041
106,6042
106,6043
106,6044
106,6045
106,6046
106,6047
106,6048
106,6049
106,6050
106,6051
106,6052
106,6053
106,6054
106,6055
106,6056
106,6057
106,6058
106,6059
106,6060
106,6061
106,6062
106,6063
106,6064
106,6065
106,6066
106,6067
106,6068
106,6069
106,6070
106,6071
106,6072
106,6073
106,6074
106,6075
106,6076
106,6077
106,6078
106,6079
106,6080
106,6081
106,6082
106,6083
106,6084
106,6085
106,6086
106,6087
106,6088
106,6089
106,6090
106,6091
106,6092
106,6093
106,6094
106,6095
106,6096
106,6097
106,6098
106,6099
106,6100
106,6101
106,6102
106,6103
106,6104
106,6105
106,6106
106,6107
106,6108
106,6109
106,6110
106,6111
106,6112
106,6113
106,6114
106,6115
106,6116
106,6117
106,6118
106,6119
106,6120
106,6121
106,6122
106,6123
106,6124
106,6125
106,6126
106,6127
106,6128
106,6129
106,6130
106,6131
106,6132
106,6133
106,6134
106,6135
106,6136
106,6137
106,6138
106,6139
106,6140
106,6141
106,6142
106,6143
106,6144
106,6145
106,6146
106,6147
106,6148
106,6149
106,6150
106,6151
106,6152
106,6153
106,6154
106,6155
106,6156
106,6157
106,6158
106,6159
106,6160
106,6161
106,6162
106,6163
106,6164
106,6165
106,6166
106,6167
106,6168
106,6169
106,6170
106,6171
106,6172
106,6173
106,6174
106,6175
106,6176
106,6177
106,6178
106,6179
106,6180
106,6181
106,6182
106,6183
106,6184
106,6185
106,6186
106,6187
106,6188
106,6189
106,6190
106,6191
106,6192
106,6193
106,6194
106,6195
106,6196
106,6197
106,6198
106,6199
106,6200
106,6201
106,6202
106,6203
106,6204
106,6205
106,6206
106,6207
106,6208
106,6209
106,6210
106,6211
106,6212
106,6213
106,6214
106,6215
106,6216
106,6217
106,6218
106,6219
106,6220
106,6221
106,6222
106,6223
106,6224
106,6225
106,6226
106,6227
106,6228
106,6229
106,6230
106,6231
106,6232
106,6233
106,6234
106,6235
106,6236
106,6237
106,6238
106,6239
106,6240
106,6241
106,6242
106,6243
106,6244
106,6245
106,6246
106,6247
106,6248
106,6249
106,6250
106,6251
106,6252
106,6253
106,6254
106,6255
106,6256
106,6257
106,6258
106,6259
106,6260
106,6261
106,6262
106,6263
106,6264
106,6265
106,6266
106,6267
106,6268
106,6269
106,6270
106,6271
106,6272
106,6273
106,6274
106,6275
106,6276
106,6277
106,6278
107,6279
107,6280
107,6281
107,6282
107,6283
107,6284
107,6285
107,6286
107,6287
107,6288
107,6289
107,6290
107,6291
107,6292
107,6293
107,6294
107,6295
107,6296
107,6297
107,6298
107,6299
107,6300
107,6301
107,6302
107,6303
107,6304
107,6305
107,6306
107,6307
107,6308
107,6309
107,6310
107,6311
107,6312
107,6313
107,6314
107,6315
107,6316
107,6317
107,6318
107,6319
107,6320
107,6321
107,6322
107,6323
107,6324
107,6325
107,6326
107,6327
107,6328
107,6329
107,6330
107,6331
107,6332
107,6333
107,6334
107,6335
107,6336
107,6337
107,6338
107,6339
107,6340
107,6341
107,6342
107,6343
107,6344
107,6345
107,6346
107,6347
107,6348
107,6349
107,6350
107,6351
107,6352
107,6353
107,6354
107,6355
107,6356
107,6357
107,6358
108,6359
108,6360
108,6361
108,6362
108,6363
108,6364
108,6365
108,6366
108,6367
108,6368
108,6369
108,6370
108,6371
108,6372
108,6373
108,6374
108,6375
108,6376
108,6377
108,6378
108,6379
108,6380
108,6381
108,6382
108,6383
108,6384
108,6385
108,6386
108,6387
108,6388
108,6389
108,6390
108,6391
108,6392
108,6393
108,6394
108,6395
108,6396
108,6397
108,6398
108,6399
108,6400
108,6401
108,6402
108,6403
108,6404
108,6405
108,6406
108,6407
108,6408
108,6409
108,6410
108,6411
108,6412
108,6413
108,6414
108,6415
108,6416
108,6417
108,6418
108,6419
108,6420
108,6421
108,6422
108,6423
108,6424
108,6425
108,6426
108,6427
108,6428
108,6429
108,6430
108,6431
108,6432
108,6433
108,6434
108,6435
108,6436
108,6437
108,6438
108,6439
108,6440
108,6441
108,6442
108,6443
108,6444
108,6445
108,6446
108,6447
108,6448
108,6449
108,6450
108,6451
108,6452
108,6453
108,6454
108,6455
108,6456
108,6457
108,6458
108,6459
108,6460
108,6461
108,6462
108,6463
108,6464
108,6465
108,6466
108,6467
108,6468
108,6469
108,6470
108,6471
108,6472
108,6473
108,6474
108,6475
108,6476
108,6477
108,6478
108,6479
108,6480
108,6481
108,6482
108,6483
108,6484
108,6485
108,6486
108,6487
108,6488
108,6489
108,6490
108,6491
108,6492
108,6493
108,6494
108,6495
108,6496
108,6497
108,6498
108,6499
108,6500
108,6501
108,6502
108,6503
108,6504
108,6505
108,6506
108,6507
108,6508
108,6509
108,6510
108,6511
108,6512
108,6513
108,6514
108,6515
108,6516
108,6517
108,6518
108,6519
108,6520
108,6521
108,6522
108,6523
108,6524
108,6525
108,6526
108,6527
108,6528
108,6529
108,6530
108,6531
108,6532
108,6533
108,6534
108,6535
108,6536
108,6537
108,6538
108,6539
108,6540
108,6541
108,6542
108,6543
108,6544
108,6545
108,6546
108,6547
108,6548
108,6549
108,6550
108,6551
108,6552
108,6553
108,6554
108,6555
108,6556
108,6557
108,6558
109,6559
109,6560
109,6561
109,6562
109,6563
109,6564
109,6565
109,6566
109,6567
109,6568
109,6569
109,6570
109,6571
109,6572
109,6573
109,6574
109,6575
109,6576
109,6577
109,6578
109,6579
109,6580
109,6581
109,6582
109,6583
109,6584
109,6585
109,6586
109,6587
109,6588
109,6589
109,6590
109,6591
109,6592
109,6593
109,6594
109,6595
109,6596
109,6597
109,6598
109,6599
109,6600
109,6601
109,6602
109,6603
109,6604
109,6605
109,6606
109,6607
109,6608
109,6609
109,6610
109,6611
109,6612
109,6613
109,6614
109,6615
109,6616
109,6617
110,6618
110,6619
110,6620
110,6621
110,6622
110,6623
110,6624
110,6625
110,6626
110,6627
110,6628
110,6629
110,6630
110,6631
110,6632
110,6633
110,6634
110,6635
110,6636
110,6637
110,6638
110,6639
110,6640
110,6641
110,6642
110,6643
110,6644
110,6645
110,6646
110,6647
110,6648
110,6649
110,6650
110,6651
110,6652
110,6653
110,6654
110,6655
110,6656
110,6657
110,6658
110,6659
110,6660
110,6661
110,6662
110,6663
110,6664
110,6665
110,6666
110,6667
110,6668
110,6669
110,6670
110,6671
110,6672
110,6673
110,6674
110,6675
110,6676
110,6677
110,6678
110,6679
110,6680
110,6681
110,6682
110,6683
110,6684
110,6685
110,6686
110,6687
110,6688
110,6689
110,6690
110,6691
110,6692
110,6693
110,6694
110,6695
110,6696
110,6697
110,6698
110,6699
110,6700
110,6701
110,6702
110,6703
110,6704
110,6705
110,6706
110,6707
110,6708
110,6709
110,6710
110,6711
110,6712
110,6713
110,6714
110,6715
110,6716
110,6717
110,6718
110,6719
110,6720
110,6721
110,6722
110,6723
110,6724
110,6725
110,6726
110,6727
110,6728
110,6729
110,6730
110,6731
110,6732
110,6733
110,6734
110,6735
110,6736
110,6737
110,6738
110,6739
110,6740
110,6741
110,6742
110,6743
110,6744
110,6745
110,6746
110,6747
110,6748
110,6749
110,6750
110,6751
110,6752
110,6753
110,6754
110,6755
110,6756
110,6757
110,6758
110,6759
110,6760
110,6761
110,6762
110,6763
110,6764
110,6765
110,6766
110,6767
110,6768
110,6769
110,6770
110,6771
110,6772
110,6773
110,6774
110,6775
110,6776
110,6777
110,6778
110,6779
110,6780
110,6781
110,6782
110,6783
110,6784
110,6785
110,6786
110,6787
110,6788
110,6789
110,6790
110,6791
110,6792
110,6793
110,6794
110,6795
110,6796
110,6797
110,6798
110,6799
110,6800
110,6801
110,6802
110,6803
110,6804
110,6805
110,6806
110,6807
110,6808
110,6809
110,6810
110,6811
110,6812
110,6813
110,6814
110,6815
110,6816
110,6817
110,6818
110,6819
110,6820
110,6821
110,6822
110,6823
110,6824
110,6825
110,6826
110,6827
110,6828
110,6829
110,6830
110,6831
110,6832
110,6833
110,6834
110,6835
110,6836
110,6837
110,6838
110,6839
110,6840
110,6841
110,6842
110,6843
110,6844
110,6845
110,6846
110,6847
110,6848
110,6849
110,6850
110,6851
110,6852
110,6853
110,6854
110,6855
110,6856
110,6857
110,6858
110,6859
110,6860
110,6861
110,6862
110,6863
110,6864
110,6865
110,6866
110,6867
110,6868
110,6869
110,6870
110,6871
110,6872
110,6873
110,6874
110,6875
110,6876
110,6877
110,6878
110,6879
110,6880
110,6881
110,6882
110,6883
110,6884
110,6885
110,6886
110,6887
110,6888
110,6889
110,6890
110,6891
110,6892
110,6893
110,6894
110,6895
110,6896
110,6897
110,6898
110,6899
110,6900
110,6901
110,6902
110,6903
110,6904
110,6905
110,6906
110,6907
110,6908
110,6909
110,6910
110,6911
110,6912
110,6913
110,6914
110,6915
110,6916
110,6917
110,6918
110,6919
110,6920
110,6921
110,6922
110,6923
110,6924
110,6925
110,6926
110,6927
110,6928
110,6929
110,6930
110,6931
110,6932
110,6933
110,6934
110,6935
110,6936
110,6937
110,6938
110,6939
110,6940
110,6941
110,6942
110,6943
110,6944
110,6945
110,6946
110,6947
110,6948
110,6949
110,6950
110,6951
110,6952
110,6953
110,6954
110,6955
110,6956
110,6957
110,6958
110,6959
110,6960
111,6961
111,6962
111,6963
111,6964
111,6965
111,6966
111,6967
111,6968
111,6969
111,6970
111,6971
111,6972
111,6973
111,6974
111,6975
111,6976
111,6977
111,6978
111,6979
111,6980
111,6981
111,6982
111,6983
111,6984
111,6985
111,6986
111,6987
111,6988
111,6989
111,6990
111,6991
111,6992
111,6993
111,6994
111,6995
111,6996
111,6997
111,6998
111,6999
111,7000
111,7001
111,7002
111,7003
111,7004
111,7005
111,7006
111,7007
111,7008
111,7009
111,7010
111,7011
111,7012
111,7013
111,7014
111,7015
111,7016
111,7017
111,7018
111,7019
111,7020
111,7021
111,7022
111,7023
111,7024
111,7025
111,7026
111,7027
111,7028
111,7029
111,7030
111,7031
111,7032
111,7033
111,7034
111,7035
111,7036
111,7037
111,7038
111,7039
111,7040
111,7041
111,7042
111,7043
111,7044
111,7045
111,7046
112,7047
113,7048
113,7049
113,7050
113,7051
113,7052
113,7053
113,7054
113,7055
113,7056
113,7057
113,7058
113,7059
113,7060
113,7061
113,7062
113,7063
113,7064
113,7065
113,7066
113,7067
113,7068
113,7069
113,7070
113,7071
113,7072
113,7073
113,7074
113,7075
113,7076
113,7077
113,7078
113,7079
113,7080
113,7081
113,7082
113,7083
113,7084
113,7085
113,7086
113,7087
113,7088
113,7089
113,7090
113,7091
113,7092
113,7093
113,7094
113,7095
113,7096
113,7097
113,7098
113,7099
113,7100
113,7101
113,7102
113,7103
113,7104
113,7105
113,7106
113,7107
113,7108
113,7109
113,7110
113,7111
113,7112
113,7113
113,7114
113,7115
113,7116
113,7117
113,7118
113,7119
113,7120
113,7121
113,7122
113,7123
113,7124
113,7125
113,7126
113,7127
113,7128
113,7129
113,7130
113,7131
113,7132
113,7133
113,7134
113,7135
113,7136
113,7137
113,7138
113,7139
113,7140
113,7141
113,7142
113,7143
113,7144
113,7145
113,7146
113,7147
113,7148
113,7149
113,7150
113,7151
113,7152
113,7153
113,7154
113,7155
113,7156
113,7157
113,7158
113,7159
113,7160
113,7161
113,7162
113,7163
113,7164
113,7165
113,7166
113,7167
113,7168
113,7169
113,7170
113,7171
113,7172
113,7173
113,7174
113,7175
113,7176
113,7177
113,7178
113,7179
113,7180
113,7181
113,7182
113,7183
113,7184
113,7185
113,7186
113,7187
113,7188
113,7189
113,7190
113,7191
113,7192
113,7193
113,7194
113,7195
113,7196
113,7197
113,7198
113,7199
113,7200
113,7201
113,7202
113,7203
113,7204
113,7205
113,7206
113,7207
113,7208
113,7209
113,7210
113,7211
113,7212
113,7213
113,7214
113,7215
113,7216
113,7217
113,7218
113,7219
113,7220
113,7221
113,7222
113,7223
113,7224
113,7225
113,7226
113,7227
113,7228
113,7229
113,7230
113,7231
113,7232
113,7233
113,7234
113,7235
113,7236
113,7237
113,7238
113,7239
113,7240
113,7241
113,7242
113,7243
113,7244
113,7245
113,7246
113,7247
113,7248
113,7249
113,7250
113,7251
113,7252
113,7253
113,7254
113,7255
113,7256
113,7257
113,7258
113,7259
113,7260
113,7261
113,7262
113,7263
113,7264
113,7265
113,7266
113,7267
113,7268
113,7269
113,7270
113,7271
113,7272
113,7273
113,7274
113,7275
113,7276
113,7277
113,7278
113,7279
113,7280
113,7281
113,7282
113,7283
113,7284
113,7285
113,7286
113,7287
113,7288
113,7289
113,7290
113,7291
113,7292
113,7293
113,7294
114,7295
114,7296
114,7297
114,7298
114,7299
114,7300
114,7301
114,7302
114,7303
114,7304
114,7305
114,7306
114,7307
114,7308
114,7309
114,7310
114,7311
114,7312
114,7313
114,7314
114,7315
114,7316
114,7317
114,7318
114,7319
114,7320
114,7321
114,7322
114,7323
114,7324
114,7325
114,7326
114,7327
114,7328
114,7329
114,7330
114,7331
114,7332
114,7333
114,7334
114,7335
114,7336
114,7337
114,7338
114,7339
114,7340
114,7341
114,7342
114,7343
114,7344
114,7345
114,7346
114,7347
114,7348
114,7349
114,7350
114,7351
114,7352
114,7353
114,7354
114,7355
114,7356
114,7357
114,7358
114,7359
114,7360
114,7361
114,7362
114,7363
114,7364
114,7365
114,7366
115,7367
115,7368
115,7369
115,7370
115,7371
115,7372
115,7373
115,7374
115,7375
117,7376
118,7377
118,7676
118,7677
118,7678
118,7679
118,7680
118,7681
118,7682
118,7683
118,7684
118,7685
118,7686
118,7687
118,7688
118,7689
118,7690
118,7691
118,7692
118,7693
118,7694
118,7695
118,7696
118,7697
118,7698
118,7699
118,7700
118,7701
118,7702
118,7703
118,7704
118,7705
118,7706
118,7707
118,7708
118,7709
118,7710
118,7711
118,7712
118,7713
118,7714
118,7715
118,7716
118,7717
118,7718
118,7719
118,7720
118,7721
118,7722
118,7723
118,7724
118,7725
118,7726
118,7727
118,7728
118,7729
118,7730
118,7731
118,7732
118,7733
118,7734
118,7735
118,7736
118,7737
118,7738
118,7739
118,7740
118,7741
118,7742
118,7743
118,7744
118,7745
118,7746
118,7747
118,7748
118,7749
118,7750
118,7751
118,7752
118,7753
118,7754
118,7755
118,7756
118,7757
118,7758
118,7759
118,7760
118,7761
118,7762
118,7763
118,7764
118,7765
118,7766
118,7767
118,7768
118,7769
118,7770
118,7771
118,7772
118,7773
118,7774
118,7775
118,7776
118,7777
118,7778
118,7779
118,7780
118,7781
118,7782
118,7783
118,7784
118,7785
118,7786
118,7787
118,7788
118,7789
118,7790
118,7791
118,7792
118,7793
118,7794
118,7795
118,7796
118,7797
118,7798
118,7799
118,7800
118,7801
118,7802
118,7803
118,7804
118,7805
118,7806
118,7807
118,7808
118,7809
118,7810
118,7811
118,7812
118,7813
118,7814
118,7815
118,7816
118,7817
118,7818
118,7819
118,7820
118,7821
118,7822
118,7823
118,7824
118,7825
118,7826
118,7827
118,7828
118,7829
118,7830
118,7831
118,7832
118,7833
118,7834
118,7835
118,7836
118,7837
118,7838
118,7839
118,7840
118,7841
118,7842
118,7843
118,7844
118,7845
118,7846
118,7847
118,7848
118,7849
118,7850
118,7851
118,7852
118,7853
118,7854
118,7855
118,7856
118,7857
118,7858
118,7859
118,7860
118,7861
118,7862
118,7863
118,7864
118,7865
118,7866
118,7867
118,7868
118,7869
118,7870
118,7871
118,7872
118,7873
118,7874
118,7875
118,7876
118,7877
118,7878
118,7879
118,7880
118,7881
118,7882
118,7883
118,7884
118,7885
118,7886
118,7887
118,7888
118,7889
118,7890
118,7891
118,7892
118,7893
118,7894
118,7895
118,7896
118,7897
118,7898
118,7899
118,7900
118,7901
118,7902
118,7903
118,7904
118,7905
118,7906
118,7907
118,7908
118,7909
118,7910
118,7911
118,7912
118,7913
118,7914
118,7915
118,7916
118,7917
118,7918
